﻿<?xml  version="1.0" encoding="UTF-8" ?>
<SecFloatingFeatureSet>
    <SEC_FLOATING_FEATURE_ALLSHARE_CONFIG_VERSION>NONE</SEC_FLOATING_FEATURE_ALLSHARE_CONFIG_VERSION>
    <SEC_FLOATING_FEATURE_AUDIO_CONFIG_SOUNDALIVE></SEC_FLOATING_FEATURE_AUDIO_CONFIG_SOUNDALIVE>
    <SEC_FLOATING_FEATURE_AUDIO_SUPPORT_2MIC_FOR_RECOGNITION>FALSE</SEC_FLOATING_FEATURE_AUDIO_SUPPORT_2MIC_FOR_RECOGNITION>
    <SEC_FLOATING_FEATURE_AUDIO_SUPPORT_BLUETOOTH_PATH_FOR_ADAPTSOUND>TRUE</SEC_FLOATING_FEATURE_AUDIO_SUPPORT_BLUETOOTH_PATH_FOR_ADAPTSOUND>
    <SEC_FLOATING_FEATURE_AUDIO_SUPPORT_VIRTUAL_UHQ_UPSCALER>TRUE</SEC_FLOATING_FEATURE_AUDIO_SUPPORT_VIRTUAL_UHQ_UPSCALER>
    <SEC_FLOATING_FEATURE_BLUETOOTH_ENABLE_AUTO_LE>TRUE</SEC_FLOATING_FEATURE_BLUETOOTH_ENABLE_AUTO_LE>
    <SEC_FLOATING_FEATURE_CALENDAR_SUPPORT_ADD_IMAGE>FALSE</SEC_FLOATING_FEATURE_CALENDAR_SUPPORT_ADD_IMAGE>
    <SEC_FLOATING_FEATURE_CALENDAR_SUPPORT_ANALOG_VIEW>FALSE</SEC_FLOATING_FEATURE_CALENDAR_SUPPORT_ANALOG_VIEW>
    <SEC_FLOATING_FEATURE_CALENDAR_SUPPORT_COPY>FALSE</SEC_FLOATING_FEATURE_CALENDAR_SUPPORT_COPY>
    <SEC_FLOATING_FEATURE_CALENDAR_SUPPORT_CREATE_STICKER>TRUE</SEC_FLOATING_FEATURE_CALENDAR_SUPPORT_CREATE_STICKER>
    <SEC_FLOATING_FEATURE_CALENDAR_SUPPORT_HANDMEMO>FALSE</SEC_FLOATING_FEATURE_CALENDAR_SUPPORT_HANDMEMO>
    <SEC_FLOATING_FEATURE_CALENDAR_SUPPORT_MEMO>TRUE</SEC_FLOATING_FEATURE_CALENDAR_SUPPORT_MEMO>
    <SEC_FLOATING_FEATURE_CAMERA_CONFIG_THRESHOLD_FOR_LOW_BATTERY>5</SEC_FLOATING_FEATURE_CAMERA_CONFIG_THRESHOLD_FOR_LOW_BATTERY>
    <SEC_FLOATING_FEATURE_CAMERA_CONFIG_VERSION_FILTER_PROVIDER>1</SEC_FLOATING_FEATURE_CAMERA_CONFIG_VERSION_FILTER_PROVIDER>
    <SEC_FLOATING_FEATURE_COMMON_CONFIG_ALTER_MODEL_NAME></SEC_FLOATING_FEATURE_COMMON_CONFIG_ALTER_MODEL_NAME>
    <SEC_FLOATING_FEATURE_COMMON_CONFIG_CHANGEABLE_UI></SEC_FLOATING_FEATURE_COMMON_CONFIG_CHANGEABLE_UI>
    <SEC_FLOATING_FEATURE_COMMON_CONFIG_CROSSAPP></SEC_FLOATING_FEATURE_COMMON_CONFIG_CROSSAPP>
    <SEC_FLOATING_FEATURE_COMMON_CONFIG_EDGE></SEC_FLOATING_FEATURE_COMMON_CONFIG_EDGE>
    <SEC_FLOATING_FEATURE_COMMON_CONFIG_EDGE_STRIPE>-1</SEC_FLOATING_FEATURE_COMMON_CONFIG_EDGE_STRIPE>
    <SEC_FLOATING_FEATURE_COMMON_CONFIG_FESTIVAL_EFFECT_VERSION>2</SEC_FLOATING_FEATURE_COMMON_CONFIG_FESTIVAL_EFFECT_VERSION>
    <SEC_FLOATING_FEATURE_COMMON_CONFIG_HIDE_STATUS_BAR>LAND</SEC_FLOATING_FEATURE_COMMON_CONFIG_HIDE_STATUS_BAR>
    <SEC_FLOATING_FEATURE_COMMON_CONFIG_SBTVD></SEC_FLOATING_FEATURE_COMMON_CONFIG_SBTVD>
    <SEC_FLOATING_FEATURE_COMMON_GESTURE_WITH_FINGERHOVER>FALSE</SEC_FLOATING_FEATURE_COMMON_GESTURE_WITH_FINGERHOVER>
    <SEC_FLOATING_FEATURE_COMMON_GESTURE_WITH_IRSENSOR>FALSE</SEC_FLOATING_FEATURE_COMMON_GESTURE_WITH_IRSENSOR>
    <SEC_FLOATING_FEATURE_COMMON_SUPPORT_DRAG_AND_SELECTION_AT_ONCE>FALSE</SEC_FLOATING_FEATURE_COMMON_SUPPORT_DRAG_AND_SELECTION_AT_ONCE>
    <SEC_FLOATING_FEATURE_COMMON_SUPPORT_DUAL_DISPLAY>FALSE</SEC_FLOATING_FEATURE_COMMON_SUPPORT_DUAL_DISPLAY>
    <SEC_FLOATING_FEATURE_COMMON_SUPPORT_FESTIVAL>FALSE</SEC_FLOATING_FEATURE_COMMON_SUPPORT_FESTIVAL>
    <SEC_FLOATING_FEATURE_COMMON_SUPPORT_FLASH_NOTIFICATION>TRUE</SEC_FLOATING_FEATURE_COMMON_SUPPORT_FLASH_NOTIFICATION>
    <SEC_FLOATING_FEATURE_COMMON_SUPPORT_FW_SPEN_HAPTIC_SETTING>FALSE</SEC_FLOATING_FEATURE_COMMON_SUPPORT_FW_SPEN_HAPTIC_SETTING>
    <SEC_FLOATING_FEATURE_COMMON_SUPPORT_MILK_DEEP_INTEG>FALSE</SEC_FLOATING_FEATURE_COMMON_SUPPORT_MILK_DEEP_INTEG>
    <SEC_FLOATING_FEATURE_COMMON_SUPPORT_NFC_HW_KEYBOARD>FALSE</SEC_FLOATING_FEATURE_COMMON_SUPPORT_NFC_HW_KEYBOARD>
    <SEC_FLOATING_FEATURE_COMMON_SUPPORT_ONE_HANDED_INPUT_GUI>TRUE</SEC_FLOATING_FEATURE_COMMON_SUPPORT_ONE_HANDED_INPUT_GUI>
    <SEC_FLOATING_FEATURE_COMMON_SUPPORT_SVOICE>TRUE</SEC_FLOATING_FEATURE_COMMON_SUPPORT_SVOICE>
    <SEC_FLOATING_FEATURE_COMMON_SUPPORT_UNPACK>FALSE</SEC_FLOATING_FEATURE_COMMON_SUPPORT_UNPACK>
    <SEC_FLOATING_FEATURE_COMMON_SUPPORT_VIDEO_EDITOR></SEC_FLOATING_FEATURE_COMMON_SUPPORT_VIDEO_EDITOR>
    <SEC_FLOATING_FEATURE_COMMON_USE_GED_MULTISIM>TRUE</SEC_FLOATING_FEATURE_COMMON_USE_GED_MULTISIM>
    <SEC_FLOATING_FEATURE_CONTACTS_SUPPORT_CAMERA_PREVIEW>FALSE</SEC_FLOATING_FEATURE_CONTACTS_SUPPORT_CAMERA_PREVIEW>
    <SEC_FLOATING_FEATURE_CONTACTS_SUPPORT_EMAIL_HISTORY_LOGS>FALSE</SEC_FLOATING_FEATURE_CONTACTS_SUPPORT_EMAIL_HISTORY_LOGS>
    <SEC_FLOATING_FEATURE_CONTACTS_SUPPORT_INDEX_SCROLL>FALSE</SEC_FLOATING_FEATURE_CONTACTS_SUPPORT_INDEX_SCROLL>
    <SEC_FLOATING_FEATURE_CONTACTS_SUPPORT_LINK_SIM_CONTACT>TRUE</SEC_FLOATING_FEATURE_CONTACTS_SUPPORT_LINK_SIM_CONTACT>
    <SEC_FLOATING_FEATURE_CONTEXTSERVICE_CONFIG_DEF_MYPLACE_COUNT>3</SEC_FLOATING_FEATURE_CONTEXTSERVICE_CONFIG_DEF_MYPLACE_COUNT>
    <SEC_FLOATING_FEATURE_CONTEXTSERVICE_ENABLE_SURVEY_MODE>TRUE</SEC_FLOATING_FEATURE_CONTEXTSERVICE_ENABLE_SURVEY_MODE>
    <SEC_FLOATING_FEATURE_DMB_SUPPORT_ANTDET>FALSE</SEC_FLOATING_FEATURE_DMB_SUPPORT_ANTDET>
    <SEC_FLOATING_FEATURE_DMB_SUPPORT_ANTENNA_ADAPTER>FALSE</SEC_FLOATING_FEATURE_DMB_SUPPORT_ANTENNA_ADAPTER>
    <SEC_FLOATING_FEATURE_DMB_SUPPORT_DNIE>FALSE</SEC_FLOATING_FEATURE_DMB_SUPPORT_DNIE>
    <SEC_FLOATING_FEATURE_DMB_SUPPORT_HYBRID>FALSE</SEC_FLOATING_FEATURE_DMB_SUPPORT_HYBRID>
    <SEC_FLOATING_FEATURE_DMB_SUPPORT_SOUNDALIVE>FALSE</SEC_FLOATING_FEATURE_DMB_SUPPORT_SOUNDALIVE>
    <SEC_FLOATING_FEATURE_FRAMEWORK_SUPPORT_CUSTOM_STARTING_WINDOW>TRUE</SEC_FLOATING_FEATURE_FRAMEWORK_SUPPORT_CUSTOM_STARTING_WINDOW>
    <SEC_FLOATING_FEATURE_FRAMEWORK_SUPPORT_VIBETONZ>FALSE</SEC_FLOATING_FEATURE_FRAMEWORK_SUPPORT_VIBETONZ>
    <SEC_FLOATING_FEATURE_HELP_CONFIG_THEME_TYPE>K</SEC_FLOATING_FEATURE_HELP_CONFIG_THEME_TYPE>
    <SEC_FLOATING_FEATURE_LAUNCHER_CONFIG_LOCAL_THEME_DOWNLOAD>China</SEC_FLOATING_FEATURE_LAUNCHER_CONFIG_LOCAL_THEME_DOWNLOAD>
    <SEC_FLOATING_FEATURE_LAUNCHER_SUPPORT_HOME_MODE_CHANGE>FALSE</SEC_FLOATING_FEATURE_LAUNCHER_SUPPORT_HOME_MODE_CHANGE>
    <SEC_FLOATING_FEATURE_LAUNCHER_SUPPORT_HOTWORD>FALSE</SEC_FLOATING_FEATURE_LAUNCHER_SUPPORT_HOTWORD>
    <SEC_FLOATING_FEATURE_LAUNCHER_SUPPORT_TILT_EFFECT>FALSE</SEC_FLOATING_FEATURE_LAUNCHER_SUPPORT_TILT_EFFECT>
    <SEC_FLOATING_FEATURE_LCD_SUPPORT_AMOLED_DISPLAY>FALSE</SEC_FLOATING_FEATURE_LCD_SUPPORT_AMOLED_DISPLAY>
    <SEC_FLOATING_FEATURE_LOCKSCREEN_SAVE_CAPTURE_FILE_FOR_WALLPAPER_PREVIEW>FALSE</SEC_FLOATING_FEATURE_LOCKSCREEN_SAVE_CAPTURE_FILE_FOR_WALLPAPER_PREVIEW>
    <SEC_FLOATING_FEATURE_MESSAGE_CONFIG_SETTING_STYLE>TAB</SEC_FLOATING_FEATURE_MESSAGE_CONFIG_SETTING_STYLE>
    <SEC_FLOATING_FEATURE_MESSAGE_SUPPORT_BLOCK_UNKNOWN_SENDER>FALSE</SEC_FLOATING_FEATURE_MESSAGE_SUPPORT_BLOCK_UNKNOWN_SENDER>
    <SEC_FLOATING_FEATURE_MESSAGE_SUPPORT_BUBBLE_PINCH_ZOOM>TRUE</SEC_FLOATING_FEATURE_MESSAGE_SUPPORT_BUBBLE_PINCH_ZOOM>
    <SEC_FLOATING_FEATURE_MESSAGE_SUPPORT_CLOGS>TRUE</SEC_FLOATING_FEATURE_MESSAGE_SUPPORT_CLOGS>
    <SEC_FLOATING_FEATURE_MESSAGE_SUPPORT_DELAY_MESSAGE_SENDING>FALSE</SEC_FLOATING_FEATURE_MESSAGE_SUPPORT_DELAY_MESSAGE_SENDING>
    <SEC_FLOATING_FEATURE_MESSAGE_SUPPORT_DRAFT_MESSAGES>FALSE</SEC_FLOATING_FEATURE_MESSAGE_SUPPORT_DRAFT_MESSAGES>
    <SEC_FLOATING_FEATURE_MESSAGE_SUPPORT_EASYMODE>TRUE</SEC_FLOATING_FEATURE_MESSAGE_SUPPORT_EASYMODE>
    <SEC_FLOATING_FEATURE_MESSAGE_SUPPORT_EMAIL_WARNING_DIALOG>TRUE</SEC_FLOATING_FEATURE_MESSAGE_SUPPORT_EMAIL_WARNING_DIALOG>
    <SEC_FLOATING_FEATURE_MESSAGE_SUPPORT_EMOTICON>TRUE</SEC_FLOATING_FEATURE_MESSAGE_SUPPORT_EMOTICON>
    <SEC_FLOATING_FEATURE_MESSAGE_SUPPORT_FAVORITE_WIDGET>FALSE</SEC_FLOATING_FEATURE_MESSAGE_SUPPORT_FAVORITE_WIDGET>
    <SEC_FLOATING_FEATURE_MESSAGE_SUPPORT_FREEMSG_BACKUP>FALSE</SEC_FLOATING_FEATURE_MESSAGE_SUPPORT_FREEMSG_BACKUP>
    <SEC_FLOATING_FEATURE_MESSAGE_SUPPORT_LIST_CONTEXTUAL_MENU>FALSE</SEC_FLOATING_FEATURE_MESSAGE_SUPPORT_LIST_CONTEXTUAL_MENU>
    <SEC_FLOATING_FEATURE_MESSAGE_SUPPORT_MENU_MESSAGE_SHARE>TRUE</SEC_FLOATING_FEATURE_MESSAGE_SUPPORT_MENU_MESSAGE_SHARE>
    <SEC_FLOATING_FEATURE_MESSAGE_SUPPORT_MENU_MYLOCATION>FALSE</SEC_FLOATING_FEATURE_MESSAGE_SUPPORT_MENU_MYLOCATION>
    <SEC_FLOATING_FEATURE_MESSAGE_SUPPORT_NOTIFICATION_REMINDER>FALSE</SEC_FLOATING_FEATURE_MESSAGE_SUPPORT_NOTIFICATION_REMINDER>
    <SEC_FLOATING_FEATURE_MESSAGE_SUPPORT_POTENTIAL_THREAT_ALERT>FALSE</SEC_FLOATING_FEATURE_MESSAGE_SUPPORT_POTENTIAL_THREAT_ALERT>
    <SEC_FLOATING_FEATURE_MESSAGE_SUPPORT_PRIORITY_SENDER>TRUE</SEC_FLOATING_FEATURE_MESSAGE_SUPPORT_PRIORITY_SENDER>
    <SEC_FLOATING_FEATURE_MESSAGE_SUPPORT_PRIORITY_WIDGET>TRUE</SEC_FLOATING_FEATURE_MESSAGE_SUPPORT_PRIORITY_WIDGET>
    <SEC_FLOATING_FEATURE_MESSAGE_SUPPORT_REGISTER_TO_SPLANNER>FALSE</SEC_FLOATING_FEATURE_MESSAGE_SUPPORT_REGISTER_TO_SPLANNER>
    <SEC_FLOATING_FEATURE_MESSAGE_SUPPORT_SCHEDULED_MESSAGES>FALSE</SEC_FLOATING_FEATURE_MESSAGE_SUPPORT_SCHEDULED_MESSAGES>
    <SEC_FLOATING_FEATURE_MESSAGE_SUPPORT_SELECTION_MODE>TRUE</SEC_FLOATING_FEATURE_MESSAGE_SUPPORT_SELECTION_MODE>
    <SEC_FLOATING_FEATURE_MESSAGE_SUPPORT_UNKNOWN_URL_LINK>FALSE</SEC_FLOATING_FEATURE_MESSAGE_SUPPORT_UNKNOWN_URL_LINK>
    <SEC_FLOATING_FEATURE_MMFW_SUPPORT_MUSIC_ALBUMART_3DAUDIO>FALSE</SEC_FLOATING_FEATURE_MMFW_SUPPORT_MUSIC_ALBUMART_3DAUDIO>
    <SEC_FLOATING_FEATURE_MMFW_SUPPORT_MUSIC_AUTO_RECOMMENDATION>FALSE</SEC_FLOATING_FEATURE_MMFW_SUPPORT_MUSIC_AUTO_RECOMMENDATION>
    <SEC_FLOATING_FEATURE_MUSICPLAYER_SUPPORT_AIR_BROWSE>FALSE</SEC_FLOATING_FEATURE_MUSICPLAYER_SUPPORT_AIR_BROWSE>
    <SEC_FLOATING_FEATURE_MUSICPLAYER_SUPPORT_BARGEIN>FALSE</SEC_FLOATING_FEATURE_MUSICPLAYER_SUPPORT_BARGEIN>
    <SEC_FLOATING_FEATURE_MUSICPLAYER_SUPPORT_COVER_FLOW_NEXT_PREV_VI>FALSE</SEC_FLOATING_FEATURE_MUSICPLAYER_SUPPORT_COVER_FLOW_NEXT_PREV_VI>
    <SEC_FLOATING_FEATURE_MUSICPLAYER_SUPPORT_FIND_TAG>FALSE</SEC_FLOATING_FEATURE_MUSICPLAYER_SUPPORT_FIND_TAG>
    <SEC_FLOATING_FEATURE_MUSICPLAYER_SUPPORT_FINGER_AIR_VIEW>FALSE</SEC_FLOATING_FEATURE_MUSICPLAYER_SUPPORT_FINGER_AIR_VIEW>
    <SEC_FLOATING_FEATURE_MUSICPLAYER_SUPPORT_INTERNAL_PICKER_SEARCH>FALSE</SEC_FLOATING_FEATURE_MUSICPLAYER_SUPPORT_INTERNAL_PICKER_SEARCH>
    <SEC_FLOATING_FEATURE_MUSICPLAYER_SUPPORT_INTERNAL_SOUNDALIVE>FALSE</SEC_FLOATING_FEATURE_MUSICPLAYER_SUPPORT_INTERNAL_SOUNDALIVE>
    <SEC_FLOATING_FEATURE_MUSICPLAYER_SUPPORT_LIST_DELETE_MENU>FALSE</SEC_FLOATING_FEATURE_MUSICPLAYER_SUPPORT_LIST_DELETE_MENU>
    <SEC_FLOATING_FEATURE_MUSICPLAYER_SUPPORT_METAEDIT>FALSE</SEC_FLOATING_FEATURE_MUSICPLAYER_SUPPORT_METAEDIT>
    <SEC_FLOATING_FEATURE_MUSICPLAYER_SUPPORT_MOBILE_TO_TV>FALSE</SEC_FLOATING_FEATURE_MUSICPLAYER_SUPPORT_MOBILE_TO_TV>
    <SEC_FLOATING_FEATURE_MUSICPLAYER_SUPPORT_MUSICSQUARE>FALSE</SEC_FLOATING_FEATURE_MUSICPLAYER_SUPPORT_MUSICSQUARE>
    <SEC_FLOATING_FEATURE_MUSICPLAYER_SUPPORT_MUSIC_WAVE_VIEW>FALSE</SEC_FLOATING_FEATURE_MUSICPLAYER_SUPPORT_MUSIC_WAVE_VIEW>
    <SEC_FLOATING_FEATURE_MUSICPLAYER_SUPPORT_PALM_PAUSE>FALSE</SEC_FLOATING_FEATURE_MUSICPLAYER_SUPPORT_PALM_PAUSE>
    <SEC_FLOATING_FEATURE_MUSICPLAYER_SUPPORT_PARTICLE_EFFECT>FALSE</SEC_FLOATING_FEATURE_MUSICPLAYER_SUPPORT_PARTICLE_EFFECT>
    <SEC_FLOATING_FEATURE_MUSICPLAYER_SUPPORT_RECORDING_TAB>FALSE</SEC_FLOATING_FEATURE_MUSICPLAYER_SUPPORT_RECORDING_TAB>
    <SEC_FLOATING_FEATURE_MUSICPLAYER_SUPPORT_SOUNDALIVE_V1>FALSE</SEC_FLOATING_FEATURE_MUSICPLAYER_SUPPORT_SOUNDALIVE_V1>
    <SEC_FLOATING_FEATURE_MUSICPLAYER_SUPPORT_SPLIT_VIEW>FALSE</SEC_FLOATING_FEATURE_MUSICPLAYER_SUPPORT_SPLIT_VIEW>
    <SEC_FLOATING_FEATURE_MUSICPLAYER_SUPPORT_TURN_OVER>FALSE</SEC_FLOATING_FEATURE_MUSICPLAYER_SUPPORT_TURN_OVER>
    <SEC_FLOATING_FEATURE_MUSICPLAYER_SUPPORT_VOLUME_FADE_EFFECT>FALSE</SEC_FLOATING_FEATURE_MUSICPLAYER_SUPPORT_VOLUME_FADE_EFFECT>
    <SEC_FLOATING_FEATURE_SAFETYASSISTANCE_CONFIG_FUNCTION_FOR_SENDHELPMESSAGE>none</SEC_FLOATING_FEATURE_SAFETYASSISTANCE_CONFIG_FUNCTION_FOR_SENDHELPMESSAGE>
    <SEC_FLOATING_FEATURE_SAFETYASSISTANCE_CONFIG_KEY_POS_FOR_SENDHELPMESSAGE>left</SEC_FLOATING_FEATURE_SAFETYASSISTANCE_CONFIG_KEY_POS_FOR_SENDHELPMESSAGE>
    <SEC_FLOATING_FEATURE_SAFETYASSISTANCE_SUPPORT_GEONEWS>FALSE</SEC_FLOATING_FEATURE_SAFETYASSISTANCE_SUPPORT_GEONEWS>
    <SEC_FLOATING_FEATURE_SETTINGS_CAMERA_ONLY_MODEL>TRUE</SEC_FLOATING_FEATURE_SETTINGS_CAMERA_ONLY_MODEL>
    <SEC_FLOATING_FEATURE_SETTINGS_CONFIG_DEF_QUICK_SETTINGS>data_usage_settings;notification_settings;display_settings;security_settings;online_help</SEC_FLOATING_FEATURE_SETTINGS_CONFIG_DEF_QUICK_SETTINGS>
    <SEC_FLOATING_FEATURE_SETTINGS_CONFIG_MENU_POSITION_HOTSPOT_AND_TETHERING></SEC_FLOATING_FEATURE_SETTINGS_CONFIG_MENU_POSITION_HOTSPOT_AND_TETHERING>
    <SEC_FLOATING_FEATURE_SETTINGS_CONFIG_SIM_MGR>2</SEC_FLOATING_FEATURE_SETTINGS_CONFIG_SIM_MGR>
    <SEC_FLOATING_FEATURE_SETTINGS_DATA_ONLY_MODEL>FALSE</SEC_FLOATING_FEATURE_SETTINGS_DATA_ONLY_MODEL>
    <SEC_FLOATING_FEATURE_SETTINGS_DEFAULT_TOOLBOX>FALSE</SEC_FLOATING_FEATURE_SETTINGS_DEFAULT_TOOLBOX>
    <SEC_FLOATING_FEATURE_SETTINGS_DEFAULT_TOOLBOX_APP_LIST>S Finder/index0;Quick connect/index1;Torch/index2;Screen write/index3;Magnifier/index4;</SEC_FLOATING_FEATURE_SETTINGS_DEFAULT_TOOLBOX_APP_LIST>
    <SEC_FLOATING_FEATURE_SETTINGS_MOTION_CONCEPT_2013>FALSE</SEC_FLOATING_FEATURE_SETTINGS_MOTION_CONCEPT_2013>
    <SEC_FLOATING_FEATURE_SETTINGS_MOTION_CONCEPT_2014>FALSE</SEC_FLOATING_FEATURE_SETTINGS_MOTION_CONCEPT_2014>
    <SEC_FLOATING_FEATURE_SETTINGS_PEN_DETECT_MODE_DISALBED>FALSE</SEC_FLOATING_FEATURE_SETTINGS_PEN_DETECT_MODE_DISALBED>
    <SEC_FLOATING_FEATURE_SETTINGS_SLOGAN_PERSONAL_MESSAGE>FALSE</SEC_FLOATING_FEATURE_SETTINGS_SLOGAN_PERSONAL_MESSAGE>
    <SEC_FLOATING_FEATURE_SETTINGS_SUPPORT_2013_SETTINGS_UI>FALSE</SEC_FLOATING_FEATURE_SETTINGS_SUPPORT_2013_SETTINGS_UI>
    <SEC_FLOATING_FEATURE_SETTINGS_SUPPORT_7_STEP_FONTSIZE>FALSE</SEC_FLOATING_FEATURE_SETTINGS_SUPPORT_7_STEP_FONTSIZE>
    <SEC_FLOATING_FEATURE_SETTINGS_SUPPORT_ACCESSORY>TRUE</SEC_FLOATING_FEATURE_SETTINGS_SUPPORT_ACCESSORY>
    <SEC_FLOATING_FEATURE_SETTINGS_SUPPORT_AIR_MOTION>FALSE</SEC_FLOATING_FEATURE_SETTINGS_SUPPORT_AIR_MOTION>
    <SEC_FLOATING_FEATURE_SETTINGS_SUPPORT_AUTOMATIC_BRIGHTNESS_DETAIL>TRUE</SEC_FLOATING_FEATURE_SETTINGS_SUPPORT_AUTOMATIC_BRIGHTNESS_DETAIL>
    <SEC_FLOATING_FEATURE_SETTINGS_SUPPORT_AUTOMATIC_UNLOCK>FALSE</SEC_FLOATING_FEATURE_SETTINGS_SUPPORT_AUTOMATIC_UNLOCK>
    <SEC_FLOATING_FEATURE_SETTINGS_SUPPORT_BACKGROUND_DATA_SETTING>TRUE</SEC_FLOATING_FEATURE_SETTINGS_SUPPORT_BACKGROUND_DATA_SETTING>
    <SEC_FLOATING_FEATURE_SETTINGS_SUPPORT_BLACKUI_QUICK_ACCES>FALSE</SEC_FLOATING_FEATURE_SETTINGS_SUPPORT_BLACKUI_QUICK_ACCES>
    <SEC_FLOATING_FEATURE_SETTINGS_SUPPORT_CONTEXTUAL_PAGE>TRUE</SEC_FLOATING_FEATURE_SETTINGS_SUPPORT_CONTEXTUAL_PAGE>
    <SEC_FLOATING_FEATURE_SETTINGS_SUPPORT_DOCK>FALSE</SEC_FLOATING_FEATURE_SETTINGS_SUPPORT_DOCK>
    <SEC_FLOATING_FEATURE_SETTINGS_SUPPORT_DRIVING_MODE>TRUE</SEC_FLOATING_FEATURE_SETTINGS_SUPPORT_DRIVING_MODE>
    <SEC_FLOATING_FEATURE_SETTINGS_SUPPORT_EASY_MODE>TRUE</SEC_FLOATING_FEATURE_SETTINGS_SUPPORT_EASY_MODE>
    <SEC_FLOATING_FEATURE_SETTINGS_SUPPORT_EASY_MODE_30>TRUE</SEC_FLOATING_FEATURE_SETTINGS_SUPPORT_EASY_MODE_30>
    <SEC_FLOATING_FEATURE_SETTINGS_SUPPORT_EDIT_AFTER_SCREEN_CAPTURE>FALSE</SEC_FLOATING_FEATURE_SETTINGS_SUPPORT_EDIT_AFTER_SCREEN_CAPTURE>
    <SEC_FLOATING_FEATURE_SETTINGS_SUPPORT_EXTERNAL_APP_SETTINGS>TRUE</SEC_FLOATING_FEATURE_SETTINGS_SUPPORT_EXTERNAL_APP_SETTINGS>
    <SEC_FLOATING_FEATURE_SETTINGS_SUPPORT_FINGER_AIR_VIEW>FALSE</SEC_FLOATING_FEATURE_SETTINGS_SUPPORT_FINGER_AIR_VIEW>
    <SEC_FLOATING_FEATURE_SETTINGS_SUPPORT_FULL_SCREEN>FALSE</SEC_FLOATING_FEATURE_SETTINGS_SUPPORT_FULL_SCREEN>
    <SEC_FLOATING_FEATURE_SETTINGS_SUPPORT_LED_INDICATOR>FALSE</SEC_FLOATING_FEATURE_SETTINGS_SUPPORT_LED_INDICATOR>
    <SEC_FLOATING_FEATURE_SETTINGS_SUPPORT_MOTION>FALSE</SEC_FLOATING_FEATURE_SETTINGS_SUPPORT_MOTION>
    <SEC_FLOATING_FEATURE_SETTINGS_SUPPORT_MOTION_DOUBLE_TAP>TRUE</SEC_FLOATING_FEATURE_SETTINGS_SUPPORT_MOTION_DOUBLE_TAP>
    <SEC_FLOATING_FEATURE_SETTINGS_SUPPORT_MOTION_GLANCE_VIEW>TRUE</SEC_FLOATING_FEATURE_SETTINGS_SUPPORT_MOTION_GLANCE_VIEW>
    <SEC_FLOATING_FEATURE_SETTINGS_SUPPORT_MOTION_PALM_SWIPE>TRUE</SEC_FLOATING_FEATURE_SETTINGS_SUPPORT_MOTION_PALM_SWIPE>
    <SEC_FLOATING_FEATURE_SETTINGS_SUPPORT_MOTION_PALM_TOUCH>TRUE</SEC_FLOATING_FEATURE_SETTINGS_SUPPORT_MOTION_PALM_TOUCH>
    <SEC_FLOATING_FEATURE_SETTINGS_SUPPORT_MOTION_PAN>TRUE</SEC_FLOATING_FEATURE_SETTINGS_SUPPORT_MOTION_PAN>
    <SEC_FLOATING_FEATURE_SETTINGS_SUPPORT_MOTION_PAN_TO_BROWSE_IMAGE>TRUE</SEC_FLOATING_FEATURE_SETTINGS_SUPPORT_MOTION_PAN_TO_BROWSE_IMAGE>
    <SEC_FLOATING_FEATURE_SETTINGS_SUPPORT_MOTION_PICK_UP>TRUE</SEC_FLOATING_FEATURE_SETTINGS_SUPPORT_MOTION_PICK_UP>
    <SEC_FLOATING_FEATURE_SETTINGS_SUPPORT_MOTION_PICK_UP_TO_CALL_OUT>TRUE</SEC_FLOATING_FEATURE_SETTINGS_SUPPORT_MOTION_PICK_UP_TO_CALL_OUT>
    <SEC_FLOATING_FEATURE_SETTINGS_SUPPORT_MOTION_SHAKE>TRUE</SEC_FLOATING_FEATURE_SETTINGS_SUPPORT_MOTION_SHAKE>
    <SEC_FLOATING_FEATURE_SETTINGS_SUPPORT_MOTION_TILT>TRUE</SEC_FLOATING_FEATURE_SETTINGS_SUPPORT_MOTION_TILT>
    <SEC_FLOATING_FEATURE_SETTINGS_SUPPORT_MOTION_TRUN_OVER>TRUE</SEC_FLOATING_FEATURE_SETTINGS_SUPPORT_MOTION_TRUN_OVER>
    <SEC_FLOATING_FEATURE_SETTINGS_SUPPORT_NETWORK_RESTRICTION_MODE>FALSE</SEC_FLOATING_FEATURE_SETTINGS_SUPPORT_NETWORK_RESTRICTION_MODE>
    <SEC_FLOATING_FEATURE_SETTINGS_SUPPORT_OPERATOR_MODE>FALSE</SEC_FLOATING_FEATURE_SETTINGS_SUPPORT_OPERATOR_MODE>
    <SEC_FLOATING_FEATURE_SETTINGS_SUPPORT_RESET_SETTINGS>FALSE</SEC_FLOATING_FEATURE_SETTINGS_SUPPORT_RESET_SETTINGS>
    <SEC_FLOATING_FEATURE_SETTINGS_SUPPORT_SEARCH_VER_TWO>FALSE</SEC_FLOATING_FEATURE_SETTINGS_SUPPORT_SEARCH_VER_TWO>
    <SEC_FLOATING_FEATURE_SETTINGS_SUPPORT_SECURITY_EMBEDEDSIMCARD>FALSE</SEC_FLOATING_FEATURE_SETTINGS_SUPPORT_SECURITY_EMBEDEDSIMCARD>
    <SEC_FLOATING_FEATURE_SETTINGS_SUPPORT_SHOW_BUTTON_BG>TRUE</SEC_FLOATING_FEATURE_SETTINGS_SUPPORT_SHOW_BUTTON_BG>
    <SEC_FLOATING_FEATURE_SETTINGS_SUPPORT_SIM_CHECK>TRUE</SEC_FLOATING_FEATURE_SETTINGS_SUPPORT_SIM_CHECK>
    <SEC_FLOATING_FEATURE_SETTINGS_SUPPORT_SMART_RECOMMENDATION>TRUE</SEC_FLOATING_FEATURE_SETTINGS_SUPPORT_SMART_RECOMMENDATION>
    <SEC_FLOATING_FEATURE_SETTINGS_SUPPORT_SMART_ROTATION>FALSE</SEC_FLOATING_FEATURE_SETTINGS_SUPPORT_SMART_ROTATION>
    <SEC_FLOATING_FEATURE_SETTINGS_SUPPORT_S_PEN_AIR_VIEW>FALSE</SEC_FLOATING_FEATURE_SETTINGS_SUPPORT_S_PEN_AIR_VIEW>
    <SEC_FLOATING_FEATURE_SETTINGS_SUPPORT_S_PEN_GESTURE>TRUE</SEC_FLOATING_FEATURE_SETTINGS_SUPPORT_S_PEN_GESTURE>
    <SEC_FLOATING_FEATURE_SETTINGS_SUPPORT_S_PEN_HOVERING>TRUE</SEC_FLOATING_FEATURE_SETTINGS_SUPPORT_S_PEN_HOVERING>
    <SEC_FLOATING_FEATURE_SETTINGS_SUPPORT_S_PEN_HOVERING_N_DETACHMENT>FALSE</SEC_FLOATING_FEATURE_SETTINGS_SUPPORT_S_PEN_HOVERING_N_DETACHMENT>
    <SEC_FLOATING_FEATURE_SETTINGS_SUPPORT_SURFACE>TRUE</SEC_FLOATING_FEATURE_SETTINGS_SUPPORT_SURFACE>
    <SEC_FLOATING_FEATURE_SETTINGS_SUPPORT_TODDLER_MODE>FALSE</SEC_FLOATING_FEATURE_SETTINGS_SUPPORT_TODDLER_MODE>
    <SEC_FLOATING_FEATURE_SETTINGS_SUPPORT_VIBRATION_INTENSITY>TRUE</SEC_FLOATING_FEATURE_SETTINGS_SUPPORT_VIBRATION_INTENSITY>
    <SEC_FLOATING_FEATURE_SFINDER_CONFIG_QUERY_PARSER_VERSION>1</SEC_FLOATING_FEATURE_SFINDER_CONFIG_QUERY_PARSER_VERSION>
    <SEC_FLOATING_FEATURE_SIP_CONFIG_ENGINE_DB_TYPE>ALM</SEC_FLOATING_FEATURE_SIP_CONFIG_ENGINE_DB_TYPE>
    <SEC_FLOATING_FEATURE_SIP_CONFIG_HWR_ENGINE>VOHWRPANEL</SEC_FLOATING_FEATURE_SIP_CONFIG_HWR_ENGINE>
    <SEC_FLOATING_FEATURE_SIP_CONFIG_PREDICTION_ENGINE>SWIFTKEY</SEC_FLOATING_FEATURE_SIP_CONFIG_PREDICTION_ENGINE>
    <SEC_FLOATING_FEATURE_SIP_CONFIG_RESTRICTED_LANGUAGE>INDIAN</SEC_FLOATING_FEATURE_SIP_CONFIG_RESTRICTED_LANGUAGE>
    <SEC_FLOATING_FEATURE_SIP_CONFIG_TABLET_KEYPAD_FEATURE></SEC_FLOATING_FEATURE_SIP_CONFIG_TABLET_KEYPAD_FEATURE>
    <SEC_FLOATING_FEATURE_SIP_CONFIG_VOHWR_VERSION>V6_X</SEC_FLOATING_FEATURE_SIP_CONFIG_VOHWR_VERSION>
    <SEC_FLOATING_FEATURE_SIP_SUPPORT_AUTO_CORRECTION>TRUE</SEC_FLOATING_FEATURE_SIP_SUPPORT_AUTO_CORRECTION>
    <SEC_FLOATING_FEATURE_SIP_SUPPORT_CONTEXT_AWARE_LANGUAGE>FALSE</SEC_FLOATING_FEATURE_SIP_SUPPORT_CONTEXT_AWARE_LANGUAGE>
    <SEC_FLOATING_FEATURE_SIP_SUPPORT_FLOATING_HANDWRITING>FALSE</SEC_FLOATING_FEATURE_SIP_SUPPORT_FLOATING_HANDWRITING>
    <SEC_FLOATING_FEATURE_SIP_SUPPORT_MULTIWORD_PREDICTION>FALSE</SEC_FLOATING_FEATURE_SIP_SUPPORT_MULTIWORD_PREDICTION>
    <SEC_FLOATING_FEATURE_SIP_SUPPORT_PC_EXPERIENCE_KEYBOARD>FALSE</SEC_FLOATING_FEATURE_SIP_SUPPORT_PC_EXPERIENCE_KEYBOARD>
    <SEC_FLOATING_FEATURE_SIP_SUPPORT_SHORTCUT_PHRASE>FALSE</SEC_FLOATING_FEATURE_SIP_SUPPORT_SHORTCUT_PHRASE>
    <SEC_FLOATING_FEATURE_SIP_SUPPORT_SMART_PREDICTION_ON_HANDWRITING>FALSE</SEC_FLOATING_FEATURE_SIP_SUPPORT_SMART_PREDICTION_ON_HANDWRITING>
    <SEC_FLOATING_FEATURE_SIP_SUPPORT_SPELL_CHECKER>FALSE</SEC_FLOATING_FEATURE_SIP_SUPPORT_SPELL_CHECKER>
    <SEC_FLOATING_FEATURE_SYNCML_CONFIG_GET_DEVICE_ID_VER></SEC_FLOATING_FEATURE_SYNCML_CONFIG_GET_DEVICE_ID_VER>
    <SEC_FLOATING_FEATURE_UPSM_CONFIG_REMAINED_TIME></SEC_FLOATING_FEATURE_UPSM_CONFIG_REMAINED_TIME>
    <SEC_FLOATING_FEATURE_VISUALEFFECT_CONFIG_ACTIVE_LIST>LONGSHADOW</SEC_FLOATING_FEATURE_VISUALEFFECT_CONFIG_ACTIVE_LIST>
    <SEC_FLOATING_FEATURE_VOICECALL_SUPPORT_AUTO_ANSWERING_MEMO>FALSE</SEC_FLOATING_FEATURE_VOICECALL_SUPPORT_AUTO_ANSWERING_MEMO>
    <SEC_FLOATING_FEATURE_WEB_SUPPORT_FINGERPRINT_WEBSIGNIN>FALSE</SEC_FLOATING_FEATURE_WEB_SUPPORT_FINGERPRINT_WEBSIGNIN>
</SecFloatingFeatureSet>
