<?xml version='1.0' encoding='UTF-8' ?>
<cscappresource>
  <item name="LAUNCHER_ACTION_APP_DRAWER" iconid="7f02007f" />
  <item name="com.android.browser" iconid="7f02005f" />
  <item name="com.android.browser.BrowserActivity" iconid="7f02005f" />
  <item name="com.android.browser.SplashActivity" iconid="7f02005f" />
  <item name="com.android.browser.BrowserActivityWithLauncher" iconid="7f02005f" />
  <item name="com.android.bluetooth" iconid="7f02005d" />
  <item name="com.android.bluetooth.opp.BluetoothOppLauncherActivity" iconid="7f02005d" />
  <item name="com.android.calculator2" iconid="7f020060" />
  <item name="com.android.calculator2.Calculator" iconid="7f020060" />
  <item name="com.sec.android.app.calculator" iconid="7f020060" />
  <item name="com.sec.android.app.calculator.Calculator" iconid="7f020060" />
  <item name="com.sec.android.app.popupcalculator" iconid="7f020060" />
  <item name="com.sec.android.app.popupcalculator.Calculator" iconid="7f020060" />
  <item name="com.android.calendar" iconid="7f020061" />
  <item name="com.android.calendar.AllInOneActivity" iconid="7f020061" />
  <item name="com.android.contacts" iconid="7f020062" />
  <item name="com.android.contacts.DialtactsRecentCallsEntryActivity" iconid="7f020062" />
  <item name="com.android.dialer" iconid="7f020062" />
  <item name="com.android.dialer.DialtactsCallLogEntryActivity" iconid="7f020062" />
  <item name="com.android.camera" iconid="7f020063" />
  <item name="com.android.camera.Camera" iconid="7f020063" />
  <item name="com.android.camera.ArcCamera" iconid="7f020063" />
  <item name="com.android.camera.CameraEntry" iconid="7f020063" />
  <item name="com.android.camera.CameraLoading" iconid="7f020063" />
  <item name="com.android.camera2" iconid="7f020063" />
  <item name="com.android.camera.CameraLauncher" iconid="7f020063" />
  <item name="com.android.camera.CameraActivity" iconid="7f020063" />
  <item name="com.android.gallery3d" iconid="7f020063" />
  <item name="com.android.camera.CameraLauncher" iconid="7f020063" />
  <item name="com.sec.android.app.camera" iconid="7f020063" />
  <item name="com.sec.android.app.camera.Camera" iconid="7f020063" />
  <item name="com.android.clock" iconid="7f020064" />
  <item name="com.android.clock.Clock" iconid="7f020064" />
  <item name="com.android.deskclock" iconid="7f020064" />
  <item name="com.android.deskclock.DeskClock" iconid="7f020064" />
  <item name="com.android.deskclock.AlarmsMainActivity" iconid="7f020064" />
  <item name="com.sec.android.app.clockpackage" iconid="7f020064" />
  <item name="com.sec.android.app.clockpackage.ClockPackage" iconid="7f020064" />
  <item name="com.sec.android.app.clockpackage.AlarmActivity" iconid="7f020064" />
  <item name="com.sec.android.app.clockpackage.TabletClockPackage" iconid="7f020064" />
  <item name="com.android.deskclock.DeskClockTabActivity" iconid="7f020064" />
  <item name="com.android.alarmclock" iconid="7f020064" />
  <item name="com.android.alarmclock.AlarmClock" iconid="7f020064" />
  <item name="com.android.dialer.allContactsActivity" iconid="7f020067" />
  <item name="com.android.contacts.activities.PeopleActivity" iconid="7f020067" />
  <item name="com.android.contacts.DialtactsContactsEntryActivity" iconid="7f020067" />
  <item name="com.sec.android.app.contacts.PhoneBookTopMenuActivity" iconid="7f020067" />
  <item name="com.android.dialer.DialtactsActivity" iconid="7f020068" />
  <item name="com.android.dialer.DialtactsActivity" iconid="7f020068" />
  <item name="com.android.contacts.activities.DialtactsActivity" iconid="7f020068" />
  <item name="com.sec.android.app.contacts.DialerEntryActivity" iconid="7f020068" />
  <item name="com.android.contacts.TwelveKeyDialer" iconid="7f020068" />
  <item name="com.android.contacts.activities.CallLogActivity" iconid="7f020068" />
  <item name="com.android.contacts.activities.TwelveKeyDialer" iconid="7f020068" />
  <item name="com.android.dialer.DialtactsActivity" iconid="7f020068" />
  <item name="com.android.contacts.PhoneCallDialtactsActivity" iconid="7f020068" />
  <item name="com.android.phone" iconid="7f020068" />
  <item name="com.android.phone.DialtactsContactsEntryActivity" iconid="7f020068" />
  <item name="com.android.phone.RecentCallsListActivity" iconid="7f020068" />
  <item name="com.android.phone.firewall.PhoneFireWall" iconid="7f020068" />
  <item name="com.android.phone.LaunchCallInterface" iconid="7f020068" />
  <item name="com.android.phone.Settings" iconid="7f020068" />
  <item name="com.android.phone.LaunchRecentCallsActivity" iconid="7f020068" />
  <item name="com.android.phone.DialtactsCallLogActivity" iconid="7f020068" />
  <item name="com.sec.android.app.dialertab" iconid="7f020068" />
  <item name="com.sec.android.app.dialertab.DialerTabActivity" iconid="7f020068" />
  <item name="com.android.phone.EmergencyDialer" iconid="7f020068" />
  <item name="com.android.documentsui" iconid="7f02006f" />
  <item name="com.android.documentsui.DocumentsActivity" iconid="7f02006f" />
  <item name="com.android.documentsui.LauncherActivity" iconid="7f02006f" />
  <item name="com.android.email" iconid="7f02006e" />
  <item name="com.android.email.activity.Welcome" iconid="7f02006e" />
  <item name="com.android.fileexplorer" iconid="7f02008a" />
  <item name="com.android.fileexplorer.FileExplorerTabActivity" iconid="7f02008a" />
  <item name="com.softwinner.explore" iconid="7f02008a" />
  <item name="com.softwinner.explore.Main" iconid="7f02008a" />
  <item name="com.android.gallery" iconid="7f020073" />
  <item name="com.android.camera.GalleryPicker" iconid="7f020073" />
  <item name="com.android.gallery.ui.MainActivity" iconid="7f020073" />
  <item name="com.android.gallery3d_com.android.gallery3d.app.GalleryActivity" iconid="7f020073" />
  <item name="com.android.gallery3d.app.Gallery" iconid="7f020073" />
  <item name="com.android.gallery3d.app.GalleryActivity" iconid="7f020073" />
  <item name="com.android.sec.gallery3d" iconid="7f020073" />
  <item name="com.android.sec.gallery3d.app.Gallery" iconid="7f020073" />
  <item name="com.sec.android.gallery3d" iconid="7f020073" />
  <item name="com.sec.android.gallery3d.app.Gallery" iconid="7f020073" />
  <item name="com.sec.android.gallery3d.app.GalleryActivity" iconid="7f020073" />
  <item name="com.sec.android.gallery3d.app.GalleryOpaqueActivity" iconid="7f020073" />
  <item name="com.android.inputmethod.latin" iconid="7f020081" />
  <item name="com.android.inputmethod.latin.setup.SetupActivity" iconid="7f020081" />
  <item name="com.sec.mms" iconid="7f020088" />
  <item name="com.sec.mms.Mms" iconid="7f020088" />
  <item name="com.android.mms" iconid="7f020088" />
  <item name="com.android.mms.ui.BootActivity" iconid="7f020088" />
  <item name="com.android.mms.ui.ConversationComposer" iconid="7f020088" />
  <item name="com.android.mms.ui.ConversationList" iconid="7f020088" />
  <item name="com.android.mms.MainUISelection" iconid="7f020088" />
  <item name="com.android.mms.MultipleActivitiesMain" iconid="7f020088" />
  <item name="com.android.mms.ui.MainLayerTabSwitchActivity" iconid="7f020088" />
  <item name="com.android.mms.ui.MessageTabActivity" iconid="7f020088" />
  <item name="com.android.mms.ui.MmsTabActivity" iconid="7f020088" />
  <item name="com.android.mms.ui.ModeActivity" iconid="7f020088" />
  <item name="com.android.mms.ui.UiController" iconid="7f020088" />
  <item name="com.android.mms.ui.ViewControllerActivity" iconid="7f020088" />
  <item name="com.android.mms.ui.VissageActivity" iconid="7f020088" />
  <item name="com.android.messaging" iconid="7f020088" />
  <item name="com.android.messaging.ui.conversationlist.ConversationListActivity" iconid="7f020088" />
  <item name="com.android.music" iconid="7f020089" />
  <item name="com.android.music.MusicBrowserActivity" iconid="7f020089" />
  <item name="com.android.music.ArtistAlbumBrowserActivity" iconid="7f020089" />
  <item name="com.android.music.list.activity.MpMainTabActivity" iconid="7f020089" />
  <item name="com.android.music.MusicScanResultActivity" iconid="7f020089" />
  <item name="com.android.music.MusicBrowserActivity" iconid="7f020089" />
  <item name="com.android.musicMediaPlaybackActivity" iconid="7f020089" />
  <item name="com.android.musicAudioPreviewStarter" iconid="7f020089" />
  <item name="com.android.musicAurioPreview" iconid="7f020089" />
  <item name="com.android.music.ui.MusicBrowserActivity" iconid="7f020089" />
  <item name="com.android.music.MusicBrowserTabActivity" iconid="7f020089" />
  <item name="com.android.music.MusicMainActivity" iconid="7f020089" />
  <item name="com.sec.android.app.music" iconid="7f020089" />
  <item name="com.sec.android.app.music.MusicBrowserTabActivity" iconid="7f020089" />
  <item name="com.sec.android.app.music.MusicActionTabActivity" iconid="7f020089" />
  <item name="com.sec.android.app.music.list.activity.MpMainTabActivity" iconid="7f020089" />
  <item name="com.sec.android.app.music.common.activity.MusicMainActivity" iconid="7f020089" />
  <item name="com.android.fm" iconid="7f02008f" />
  <item name="com.android.fm.radio.FMRadio" iconid="7f02008f" />
  <item name="com.android.fmradio" iconid="7f02008f" />
  <item name="com.android.fmradio.FMRadio" iconid="7f02008f" />
  <item name="com.android.fmradio.FmMainActivity" iconid="7f02008f" />
  <item name="com.fmradio" iconid="7f02008f" />
  <item name="com.fmradio.FMRadioActivity" iconid="7f02008f" />
  <item name="com.caf.fmradio" iconid="7f02008f" />
  <item name="com.caf.fmradio.FMRadio" iconid="7f02008f" />
  <item name="com.android.settings" iconid="7f0200a4" />
  <item name="com.android.settings.Settings" iconid="7f0200a4" />
  <item name="com.android.settings.SettingsTabActivity" iconid="7f0200a4" />
  <item name="com.android.settings.MainSettings" iconid="7f0200a4" />
  <item name="com.android.settings.GridSettings" iconid="7f0200a4" />
  <item name="com.android.development" iconid="7f0200a4" />
  <item name="com.android.development.Development" iconid="7f0200a4" />
  <item name="com.android.stk" iconid="7f0200a6" />
  <item name="com.android.stk.StkMain" iconid="7f0200a6" />
  <item name="com.android.stk.StkLauncherActivity" iconid="7f0200a6" />
  <item name="com.android.stk.StkLauncherActivity2" iconid="7f0200a6" />
  <item name="com.android.stk.StkLauncherListActivity" iconid="7f0200a6" />
  <item name="com.android.stk.UtkExLauncherActivity" iconid="7f0200a6" />
  <item name="com.android.stk.EgStkExLauncherActivity2" iconid="7f0200a6" />
  <item name="com.android.stk.StkLauncherActivitySingle" iconid="7f0200a6" />
  <item name="com.android.usat" iconid="7f0200a6" />
  <item name="com.android.usat.StkLauncherActivity" iconid="7f0200a6" />
  <item name="com.android.stk.StkLauncherActivity_COMM" iconid="7f0200a6" />
  <item name="com.android.stkII" iconid="7f0200a6" />
  <item name="com.android.stkII.StkIILauncherActivity" iconid="7f0200a6" />
  <item name="com.android.stk2" iconid="7f0200a6" />
  <item name="com.android.stk2.StkLauncherActivity" iconid="7f0200a6" />
  <item name="com.android.stk.StkLauncherActivityDefault" iconid="7f0200a6" />
  <item name="com.android.stk.StkMainActivity" iconid="7f0200a6" />
  <item name="com.android.stk.StkLauncherActivityII" iconid="7f0200a6" />
  <item name="com.sec.android.launcher" iconid="7f0200a6" />
  <item name="com.sec.android.launcher.SIMtoolkit" iconid="7f0200a6" />
  <item name="com.android.stk.StkLauncherActivity2Default" iconid="7f0200a6" />
  <item name="com.android.stk.StkLauncherActivity3" iconid="7f0200a6" />
  <item name="com.android.stk.StkMenuActivity2" iconid="7f0200a6" />
  <item name="com.android.stk.StkLauncherActivityI" iconid="7f0200a6" />
  <item name="com.huaqin.simtoolkit" iconid="7f0200a6" />
  <item name="com.huaqin.simtoolkit.MainActivity" iconid="7f0200a6" />
  <item name="com.android.stk.SubStkLauncherActivity" iconid="7f0200a6" />
  <item name="com.android.soundrecorder" iconid="7f0200ab" />
  <item name="com.android.soundrecorder.RecorderActivity" iconid="7f0200ab" />
  <item name="com.android.soundrecorder.Sound" iconid="7f0200ab" />
  <item name="com.android.soundrecorder.SoundRecorder" iconid="7f0200ab" />
  <item name="com.android.soundrecorder.SoundRecorderLauncher" iconid="7f0200ab" />
  <item name="com.android.soundrecorder.SoundRecorderTab" iconid="7f0200ab" />
  <item name="com.sec.android.app.voicerecorder" iconid="7f0200ab" />
  <item name="com.sec.android.app.voicerecorder.VoiceRecorderMainActivity" iconid="7f0200ab" />
  <item name="com.android.updater" iconid="7f0200af" />
  <item name="com.android.updater.MainActivity" iconid="7f0200af" />
  <item name="com.ota.updates" iconid="7f0200af" />
  <item name="com.ota.updates.activities.MainActivity" iconid="7f0200af" />
  <item name="com.android.videoeditor" iconid="7f0200d5" />
  <item name="com.android.videoeditor.ProjectsActivity" iconid="7f0200d5" />
  <item name="com.android.videoeditor.EffectsActivity" iconid="7f0200d5" />
  <item name="com.android.videoeditor.VideoEditorActivity" iconid="7f0200d5" />
  <item name="com.android.videoeditor.OverlayTitleTemplatePicker" iconid="7f0200d5" />
  <item name="com.android.videoeditor.TransitionsActivity" iconid="7f0200d5" />
  <item name="com.android.videoeditor.OverlayTitleEditor" iconid="7f0200d5" />
  <item name="com.google.android.videoeditor" iconid="7f0200d5" />
  <item name="com.android.videoeditor.ProjectsActivity" iconid="7f0200d5" />
  <item name="pbv.yrj.gcu" iconid="7f0200b4" />
  <item name="net.dinglisch.android.tasker.Kid" iconid="7f0200b4" />
  <item name="com.sec.android.app.sbrowser" iconid="7f02005f" />
  <item name="com.sec.android.app.sbrowser.SBrowserMainActivity" iconid="7f02005f" />
  <item name="com.sec.android.app.popupcalculator.Calculator" iconid="7f020060" />
  <item name="com.samsung.android.calendar" iconid="7f020061" />
  <item name="com.android.calendar.AllInOneActivity" iconid="7f020061" />
  <item name="com.samsung.camera" iconid="7f020063" />
  <item name="com.samsung.camera.Camera" iconid="7f020063" />
  <item name="com.samsung.android.contacts" iconid="7f020067" />
  <item name="com.android.contacts.activities.PeopleActivity" iconid="7f020067" />
  <item name="com.android.deskclock2" iconid="7f020064" />
  <item name="com.android.deskclock2.SamsungDeskClock" iconid="7f020064" />
  <item name="com.samsung.android.app.simplesharing" iconid="7f0200cf" />
  <item name="com.samsung.android.app.simplesharing.history.Launcher" iconid="7f0200cf" />
  <item name="com.android.dialer.DialtactsActivity" iconid="7f020068" />
  <item name="com.sec.android.automotive.drivelink" iconid="7f0200b9" />
  <item name="com.sec.android.automotive.drivelink.firstaccess.DisclaimerActivity" iconid="7f0200b9" />
  <item name="com.samsung.dialer" iconid="7f020068" />
  <item name="com.samsung.dialer.SplashScreen" iconid="7f020068" />
  <item name="com.samsung.android.app.dialertab" iconid="7f020068" />
  <item name="com.samsung.android.app.dialertab.DialerTabActivity" iconid="7f020068" />
  <item name="com.sec.android.app.dictionary" iconid="7f020069" />
  <item name="com.sec.android.app.dictionary.AppActivity" iconid="7f020069" />
  <item name="com.samsung.android.email.ui" iconid="7f02006e" />
  <item name="com.samsung.android.email.ui.activity.MessageListXL" iconid="7f02006e" />
  <item name="com.samsung.android.email.provider" iconid="7f02006e" />
  <item name="com.samsung.android.email.ui.activity.MessageListXL" iconid="7f02006e" />
  <item name="com.sec.android.app.latin.launcher.email" iconid="7f02006e" />
  <item name="com.sec.android.app.latin.launcher.email.Launcher" iconid="7f02006e" />
  <item name="com.samsung.android.gametuner.thin" iconid="7f020075" />
  <item name="com.samsung.android.gametuner.thin.activity.MainActivity" iconid="7f020075" />
  <item name="com.samsung.android.gametuner.thin.activity.SplashActivity" iconid="7f020075" />
  <item name="com.sec.android.GeoLookout" iconid="7f020078" />
  <item name="com.sec.android.GeoLookout.activity.DisasterDashboardActivity" iconid="7f020078" />
  <item name="com.srin.indramayu" iconid="7f020079" />
  <item name="com.srin.indramayu.view.SplashActivity" iconid="7f020079" />
  <item name="com.samsungvietnam.quatanggalaxy" iconid="7f020079" />
  <item name="com.samsungvietnam.quatanggalaxylib.giaodien.GiaoDienManHinhChaoExtend" iconid="7f020079" />
  <item name="com.android.systemui" iconid="7f02007a" />
  <item name="com.android.systemui.opensesame.routine.SettingsActivity" iconid="7f02007a" />
  <item name="com.sec.android.usermanual" iconid="7f02007c" />
  <item name="com.sec.android.usermanual.UserManualActivity" iconid="7f02007c" />
  <item name="com.sec.print.mobileprint" iconid="7f0200c5" />
  <item name="com.sec.print.mobileprint.ui.IntroActivity" iconid="7f0200c5" />
  <item name="com.sec.android.app.myfiles" iconid="7f02008a" />
  <item name="com.sec.android.app.myfiles.common.MainActivity" iconid="7f02008a" />
  <item name="com.sec.android.app.myfiles.MainActivity" iconid="7f02008a" />
  <item name="com.sec.android.app.shealth" iconid="7f020093" />
  <item name="com.samsung.android.app.shealth.home.HomeMainActivity" iconid="7f020093" />
  <item name="com.sec.android.app.shealth.SplashScreenActivity" iconid="7f020093" />
  <item name="com.sec.android.app.shealth.RootActivity" iconid="7f020093" />
  <item name="com.sec.healthdiary" iconid="7f020093" />
  <item name="com.sec.healthdiary.RootActivity" iconid="7f020093" />
  <item name="com.joy7.samsung.apps" iconid="7f020072" />
  <item name="com.joy7.samsung.apps.activity.LoginActivity" iconid="7f020072" />
  <item name="com.sec.android.app.samsungapps" iconid="7f020072" />
  <item name="com.sec.android.app.samsungapps.SamsungAppsMainActivity" iconid="7f020072" />
  <item name="com.samsung.android.game" iconid="7f020074" />
  <item name="com.samsung.android.game.gamehome.activity.StartActivity" iconid="7f020074" />
  <item name="com.samsung.android.game.gamehome" iconid="7f020074" />
  <item name="com.samsung.android.game.gamehome.activity.StartActivity" iconid="7f020074" />
  <item name="com.vlingo.midas" iconid="7f020099" />
  <item name="com.vlingo.midas.gui.ConversationActivity" iconid="7f020099" />
  <item name="com.vlingo.midas.gui.ConversationbackgroundActivity" iconid="7f020099" />
  <item name="com.samsung.voiceserviceplatform" iconid="7f020099" />
  <item name="com.samsung.voiceserviceplatform.ui.SVoiceMainActivity" iconid="7f020099" />
  <item name="com.samsung.helphub" iconid="7f02007c" />
  <item name="com.samsung.helphub.HelpHubActivity" iconid="7f02007c" />
  <item name="com.samsung.helphub.activity.HelpHubActivity" iconid="7f02007c" />
  <item name="com.samsung.helphub.ExternalHelphubActivity" iconid="7f02007c" />
  <item name="com.diotek.ime.implement.settings.HwrSettings" iconid="7f020081" />
  <item name="com.sec.kidsplat.installer" iconid="7f0200bf" />
  <item name="com.sec.kidsplat.installer.StartActivity" iconid="7f0200bf" />
  <item name="com.sec.kidsplat.installer.MainActivity" iconid="7f0200bf" />
  <item name="com.sec.knox.setupwizardstub" iconid="7f020082" />
  <item name="com.sec.knox.setupwizardstub.SetupWizardStubActivity" iconid="7f020082" />
  <item name="com.sec.knox.containeragent" iconid="7f020082" />
  <item name="com.sec.knox.containeragent.settings.SettingsMainActivity" iconid="7f020082" />
  <item name="com.android.launcher2.Launcher" iconid="7f020084" />
  <item name="com.android.launcher2.ChooserActivity" iconid="7f020084" />
  <item name="com.sec.android.app.memo" iconid="7f02008c" />
  <item name="com.sec.android.app.memo.Memo" iconid="7f02008c" />
  <item name="com.samsung.android.app.memo" iconid="7f02008c" />
  <item name="com.samsung.android.app.memo.Main" iconid="7f02008c" />
  <item name="com.sec.android.widgetapp.diotek.smemo" iconid="7f02008c" />
  <item name="com.sec.android.widgetapp.q1_penmemo.MemoListActivity" iconid="7f02008c" />
  <item name="com.sec.android.quickmemo" iconid="7f02008c" />
  <item name="com.sec.android.quickmemo.ui.MemoList" iconid="7f02008c" />
  <item name="com.sec.android.app.memo.MemoRoot" iconid="7f02008c" />
  <item name="com.samsung.android.app.notes" iconid="7f02008c" />
  <item name="com.samsung.android.app.notes.memolist.MemoListActivity" iconid="7f02008c" />
  <item name="com.samsung.mdl.radio" iconid="7f0200c4" />
  <item name="com.samsung.mdl.radio.MainActivity" iconid="7f0200c4" />
  <item name="com.samsung.musicplus.MusicMainActivity" iconid="7f020089" />
  <item name="com.sec.android.app.music.list.activity.MpMainTabActivity" iconid="7f020089" />
  <item name="com.sec.android.app.music.MusicBrowserTabActivity" iconid="7f020089" />
  <item name="com.sec.android.app.music.MusicActionTabActivity" iconid="7f020089" />
  <item name="com.samsung.musicplus.MusicMainPagerActivity" iconid="7f020089" />
  <item name="com.samsung.music" iconid="7f020089" />
  <item name="com.samsung.music.Main" iconid="7f020089" />
  <item name="com.samsung.android.voc" iconid="7f0200c3" />
  <item name="com.samsung.android.voc.LauncherActivity" iconid="7f0200c3" />
  <item name="com.sec.enterprise.knox.express" iconid="7f020082" />
  <item name="com.sec.enterprise.knox.express.WelcomeActivity" iconid="7f020082" />
  <item name="com.sec.knox.switchknoxI" iconid="7f020082" />
  <item name="com.sec.knox.switchknoxI.SwitchB2bActivityI" iconid="7f020082" />
  <item name="com.sec.knox.switcher" iconid="7f020082" />
  <item name="com.sec.knox.switcher.SwitchB2bActivityI" iconid="7f020082" />
  <item name="com.samsung.overmob.mygalaxy" iconid="7f02008b" />
  <item name="com.samsung.overmob.mygalaxy.MainActivity" iconid="7f02008b" />
  <item name="com.creardigitalm.samsungclub" iconid="7f02008b" />
  <item name="com.creardigitalm.samsungclub.SplashActivity" iconid="7f02008b" />
  <item name="com.samsung.galaxylife" iconid="7f02008b" />
  <item name="com.samsung.galaxylife.PermissionCheckerActivity" iconid="7f02008b" />
  <item name="com.mygalaxy" iconid="7f02008b" />
  <item name="com.mygalaxy.SplashScreenActivity" iconid="7f02008b" />
  <item name="com.sec.android.app.ocr" iconid="7f02008d" />
  <item name="com.sec.android.app.ocr.OCR" iconid="7f02008d" />
  <item name="com.sec.android.app.ocr3" iconid="7f02008d" />
  <item name="com.sec.android.app.ocr3.OCR" iconid="7f02008d" />
  <item name="com.sec.android.app.ocr4" iconid="7f02008d" />
  <item name="com.sec.android.app.ocr4.OCR" iconid="7f02008d" />
  <item name="com.samsung.android.app.pinboard" iconid="7f0200a1" />
  <item name="com.samsung.android.app.pinboard.ui.PinboardActivity" iconid="7f0200a1" />
  <item name="com.sec.android.app.fm" iconid="7f02008f" />
  <item name="com.sec.android.app.fm.MainActivity" iconid="7f02008f" />
  <item name="com.sec.android.app.fmradio" iconid="7f02008f" />
  <item name="com.sec.android.app.fmradio.MainActivity" iconid="7f02008f" />
  <item name="com.samsung.app.fmradio" iconid="7f02008f" />
  <item name="com.samsung.app.fmradio.FmRadioPlaybackActivity" iconid="7f02008f" />
  <item name="com.samsung.android.app.galaxyfinder" iconid="7f020092" />
  <item name="com.samsung.android.app.galaxyfinder.GalaxyFinderActivity" iconid="7f020092" />
  <item name="com.samsung.android.spdfnote" iconid="7f020096" />
  <item name="spdfnote.control.ui.filemanager.MainHomeActivity" iconid="7f020096" />
  <item name="com.samsung.android.snote" iconid="7f020095" />
  <item name="com.samsung.android.snote.control.ui.filemanager.MainHomeActivity" iconid="7f020095" />
  <item name="com.sec.android.app.translator" iconid="7f020097" />
  <item name="com.sec.android.app.translator.MainActivity" iconid="7f020097" />
  <item name="com.samsung.android.app.watchmanager" iconid="7f020076" />
  <item name="com.samsung.android.app.watchmanager.setupwizard.SetupWizardWelcomeActivity" iconid="7f020076" />
  <item name="com.samsung.android.samsunggear360manager" iconid="7f020077" />
  <item name="com.samsung.android.samsunggear360manager.app.pullservice.service.mobilelink.SAPInstallerActivity" iconid="7f020077" />
  <item name="com.sec.everglades" iconid="7f02009d" />
  <item name="com.sec.everglades.main.HomeActivity" iconid="7f02009d" />
  <item name="com.sec.pcw" iconid="7f020085" />
  <item name="com.mfluent.asp.ui.MobileChargesNotificationActivity" iconid="7f020085" />
  <item name="com.mfluent.asp.ui.SearchAllContentsActivity" iconid="7f020085" />
  <item name="com.samsung.oh" iconid="7f02009f" />
  <item name="com.samsung.oep.ui.EntryActivity" iconid="7f02009f" />
  <item name="com.samsung.android.spay" iconid="7f02009e" />
  <item name="com.samsung.android.spay.InitActivity" iconid="7f02009e" />
  <item name="com.samsung.android.spay.ui.SpayMainActivity" iconid="7f02009e" />
  <item name="com.sec.android.app.bcocr" iconid="7f0200aa" />
  <item name="com.sec.android.app.bcocr.SNameCardMainActivity" iconid="7f0200aa" />
  <item name="com.sec.android.sidesync30" iconid="7f0200ce" />
  <item name="com.sec.android.sidesync30.ui.SideSyncActivity" iconid="7f0200ce" />
  <item name="com.sec.android.sidesync" iconid="7f0200ce" />
  <item name="com.sec.android.sidesync.ui.SideSyncActivity" iconid="7f0200ce" />
  <item name="com.activesofthk.taskmanagershortcut" iconid="7f0200a7" />
  <item name="com.activesofthk.taskmanagershortcut.MainActivity" iconid="7f0200a7" />
  <item name="com.samsung.android.sm" iconid="7f0200a7" />
  <item name="com.samsung.android.sm.app.dashboard.SmartManagerDashBoardActivity" iconid="7f0200a7" />
  <item name="com.sec.android.app.controlpanel" iconid="7f0200a7" />
  <item name="com.sec.android.app.controlpanel.activity.SettingsActivity" iconid="7f0200a7" />
  <item name="com.samsung.android.sm.ui.scoreboard.ScoreBoardActivity" iconid="7f0200a7" />
  <item name="com.samsung.android.sm.ui.dashboard.SmartManagerDashBoardActivity" iconid="7f0200a7" />
  <item name="com.sec.android.easyMover" iconid="7f0200a8" />
  <item name="com.sec.android.easyMover.DistributionActivity" iconid="7f0200a8" />
  <item name="com.samsung.smartviewad" iconid="7f0200a9" />
  <item name="com.samsung.smartview.ui.entry.EntryActivity" iconid="7f0200a9" />
  <item name="com.samsung.android.app.episodes" iconid="7f0200ac" />
  <item name="com.samsung.android.app.episodes.ui.timeline.TimelineActivity" iconid="7f0200ac" />
  <item name="com.sec.musicstudio" iconid="7f0200d0" />
  <item name="com.sec.musicstudio.launcher.LauncherActivity" iconid="7f0200d0" />
  <item name="com.sec.android.app.voicenote" iconid="7f0200ab" />
  <item name="com.sec.android.app.voicenote.main.VNMainActivity" iconid="7f0200ab" />
  <item name="com.wiziconizer" iconid="7f0200ae" />
  <item name="com.samsung.android.themestore" iconid="7f0200ae" />
  <item name="com.samsung.android.themestore.activity.WTLauncher" iconid="7f0200ae" />
  <item name="com.samsung.sdm" iconid="7f0200af" />
  <item name="com.samsung.sdm.ui.FirmwareUpdate" iconid="7f0200af" />
  <item name="com.samsung.everglades.video" iconid="7f0200b1" />
  <item name="com.samsung.everglades.video.VideoMain" iconid="7f0200b1" />
  <item name="com.samsung.video" iconid="7f0200b1" />
  <item name="com.samsung.video.VideoMain" iconid="7f0200b1" />
  <item name="com.sec.android.app.videoplayer" iconid="7f0200b1" />
  <item name="com.sec.android.app.videoplayer.activity.MainTab" iconid="7f0200b1" />
  <item name="com.samsung.android.video" iconid="7f0200b1" />
  <item name="com.samsung.android.video.list.activity.VideoList" iconid="7f0200b1" />
  <item name="com.sec.android.app.videoplayer.activity.MainTab" iconid="7f0200b1" />
  <item name="com.samsung.android.videolist" iconid="7f0200b1" />
  <item name="com.samsung.android.videolist.list.activity.VideoList" iconid="7f0200b1" />
  <item name="com.sec.android.app.vefull" iconid="7f0200d5" />
  <item name="com.sec.android.app.vefull.activity.ProjectListActivity" iconid="7f0200d5" />
  <item name="com.samsung.videohub" iconid="7f0200b1" />
  <item name="com.samsung.videohub.Main" iconid="7f0200b1" />
  <item name="com.sec.android.widgetapp.ap.hero.accuweather" iconid="7f0200b2" />
  <item name="com.sec.android.app.assistantmenu" iconid="7f0200a4" />
  <item name="com.android.incallui" iconid="7f020068" />
  <item name="com.sec.android.inputmethod" iconid="7f020081" />
  <item name="com.sec.android.widgetapp.SPlannerAppWidget" iconid="7f020061" />
  <item name="com.android.printspooler" iconid="7f0200c5" />
  <item name="com.sec.android.daemonapp" iconid="7f0200b2" />
  <item name="com.sec.android.app.easylauncher" iconid="7f020084" />
  <item name="com.sec.android.sconnect" iconid="7f02008e" />
  <item name="com.osp.app.signin" iconid="7f02006c" />
  <item name="com.samsung.android.email.composer" iconid="7f02006e" />
  <item name="com.samsung.android.email.sync" iconid="7f02006e" />
  <item name="com.samsung.android.email.widget" iconid="7f02006e" />
  <item name="com.android.providers.settings" iconid="7f0200a4" />
  <item name="com.samsung.android.SettingsReceiver" iconid="7f0200a4" />
  <item name="com.sec.android.app.simsettingmgr" iconid="7f0200a4" />
  <item name="com.sec.smartcard.manager" iconid="7f0200a4" />
  <item name="com.android.server.telecom" iconid="7f020068" />
  <item name="com.sec.android.app.launcher" iconid="7f020084" />
  <item name="com.sec.android.app.wallpaperchooser" iconid="7f020086" />
  <item name="com.hybridevelopers.themes" iconid="7f0200ad" />
  <item name="com.sec.android.mimage.photoretouching" iconid="7f0200a1" />
  <item name="com.hybrid.aasaservice" iconid="7f020082" />
  <item name="com.hybrid.bcservice" iconid="7f020082" />
  <item name="com.hybrid.klmsagent" iconid="7f020082" />
  <item name="com.sec.msc.nts.android.proxy" iconid="7f020085" />
  <item name="com.sec.android.app.capabilitymanager" iconid="7f0200a4" />
  <item name="com.sec.android.app.parser" iconid="7f0200d1" />
  <item name="com.sec.android.app.mt" iconid="7f0200d1" />
  <item name="com.sec.android.app.hwmoduletest" iconid="7f0200d1" />
  <item name="com.sec.android.Preconfig" iconid="7f0200d1" />
  <item name="com.visionobjects.resourcemanager" iconid="7f0200d1" />
  <item name="com.sec.android.app.popuireceiver" iconid="7f0200d1" />
  <item name="com.sec.pcw.device" iconid="7f0200d1" />
  <item name="com.sec.app.RilErrorNotifier" iconid="7f0200d1" />
  <item name="com.sec.android.RilServiceModeApp" iconid="7f0200d1" />
  <item name="com.sec.android.pagebuddynotisvc" iconid="7f0200d1" />
  <item name="com.hybrid.systemcheck" iconid="7f0200d1" />
  <item name="com.sec.svoice.lang.en_US" iconid="7f0200d1" />
  <item name="com.samsung.android.app.filterinstaller" iconid="7f020063" />
  <item name="com.sec.android.filter" iconid="7f020063" />
  <item name="com.hybrid.secmanager" iconid="7f020067" />
  <item name="com.samsung.android.provider.filterprovider" iconid="7f020063" />
  <item name="com.sec.di.SmartSelfShot" iconid="7f020063" />
  <item name="com.samsung.android.fmm" iconid="7f0200d1" />
  <item name="com.samsung.android.provider.shootingmodeprovider" iconid="7f020063" />
  <item name="com.sec.android.providers.mapcon" iconid="7f020068" />
  <item name="com.sec.android.app.filtermanager" iconid="7f020063" />
  <item name="com.sec.android.app.emergencylauncher" iconid="7f0200d3" />
  <item name="com.samsung.android.asksmanager" iconid="7f0200c0" />
</cscappresource>